[
  {
    "inputs": [
      {"internalType": "address", "name": "_vrfCoordinator", "type": "address"},
      {"internalType": "uint256", "name": "_subscriptionId", "type": "uint256"},
      {"internalType": "bytes32", "name": "_keyHash", "type": "bytes32"},
      {"internalType": "uint32", "name": "_callbackGasLimit", "type": "uint32"},
      {"internalType": "address", "name": "_ethUsdPriceFeed", "type": "address"}
    ],
    "stateMutability": "nonpayable",
    "type": "constructor"
  },
  {
    "inputs": [],
    "name": "AlreadyClaimed",
    "type": "error"
  },
  {
    "inputs": [],
    "name": "DrawAlreadyFulfilled",
    "type": "error"
  },
  {
    "inputs": [],
    "name": "DrawNotFulfilled",
    "type": "error"
  },
  {
    "inputs": [],
    "name": "DrawNotOpen",
    "type": "error"
  },
  {
    "inputs": [],
    "name": "InsufficientPayment",
    "type": "error"
  },
  {
    "inputs": [],
    "name": "InvalidNumbers",
    "type": "error"
  },
  {
    "inputs": [],
    "name": "NoWinnings",
    "type": "error"
  },
  {
    "inputs": [],
    "name": "Unauthorized",
    "type": "error"
  },
  {
    "anonymous": false,
    "inputs": [
      {"indexed": true, "internalType": "uint256", "name": "drawId", "type": "uint256"},
      {"indexed": false, "internalType": "uint256", "name": "startsAt", "type": "uint256"},
      {"indexed": false, "internalType": "uint256", "name": "drawAt", "type": "uint256"}
    ],
    "name": "DrawCreated",
    "type": "event"
  },
  {
    "anonymous": false,
    "inputs": [
      {"indexed": true, "internalType": "uint256", "name": "drawId", "type": "uint256"},
      {"indexed": false, "internalType": "uint8[5]", "name": "mainNumbers", "type": "uint8[5]"},
      {"indexed": false, "internalType": "uint8[2]", "name": "starNumbers", "type": "uint8[2]"}
    ],
    "name": "DrawFulfilled",
    "type": "event"
  },
  {
    "anonymous": false,
    "inputs": [
      {"indexed": true, "internalType": "uint256", "name": "drawId", "type": "uint256"},
      {"indexed": false, "internalType": "uint256", "name": "vrfRequestId", "type": "uint256"}
    ],
    "name": "DrawRequested",
    "type": "event"
  },
  {
    "anonymous": false,
    "inputs": [
      {"indexed": true, "internalType": "uint256", "name": "drawId", "type": "uint256"},
      {"indexed": true, "internalType": "address", "name": "player", "type": "address"},
      {"indexed": false, "internalType": "uint256", "name": "ticketId", "type": "uint256"},
      {"indexed": false, "internalType": "uint8", "name": "tier", "type": "uint8"},
      {"indexed": false, "internalType": "uint256", "name": "amount", "type": "uint256"}
    ],
    "name": "PrizeClaimed",
    "type": "event"
  },
  {
    "anonymous": false,
    "inputs": [
      {"indexed": true, "internalType": "uint256", "name": "drawId", "type": "uint256"},
      {"indexed": true, "internalType": "address", "name": "player", "type": "address"},
      {"indexed": false, "internalType": "uint256", "name": "ticketId", "type": "uint256"},
      {"indexed": false, "internalType": "uint256", "name": "ethPaid", "type": "uint256"}
    ],
    "name": "TicketPurchased",
    "type": "event"
  },
  {
    "inputs": [
      {"internalType": "uint8[5]", "name": "_main", "type": "uint8[5]"},
      {"internalType": "uint8[2]", "name": "_stars", "type": "uint8[2]"}
    ],
    "name": "buyTicket",
    "outputs": [],
    "stateMutability": "payable",
    "type": "function"
  },
  {
    "inputs": [
      {"internalType": "uint256", "name": "drawId", "type": "uint256"},
      {"internalType": "uint256", "name": "ticketIndex", "type": "uint256"}
    ],
    "name": "claimPrize",
    "outputs": [],
    "stateMutability": "nonpayable",
    "type": "function"
  },
  {
    "inputs": [],
    "name": "currentDrawId",
    "outputs": [{"internalType": "uint256", "name": "", "type": "uint256"}],
    "stateMutability": "view",
    "type": "function"
  },
  {
    "inputs": [],
    "name": "emergencyWithdraw",
    "outputs": [],
    "stateMutability": "nonpayable",
    "type": "function"
  },
  {
    "inputs": [],
    "name": "getCurrentDraw",
    "outputs": [
      {
        "components": [
          {"internalType": "uint256", "name": "id", "type": "uint256"},
          {"internalType": "uint256", "name": "startsAt", "type": "uint256"},
          {"internalType": "uint256", "name": "drawAt", "type": "uint256"},
          {"internalType": "uint256", "name": "ticketsSold", "type": "uint256"},
          {"internalType": "uint256", "name": "prizePool", "type": "uint256"},
          {"internalType": "uint256", "name": "vrfRequestId", "type": "uint256"},
          {"internalType": "bool", "name": "fulfilled", "type": "bool"},
          {"internalType": "uint8[5]", "name": "mainNumbers", "type": "uint8[5]"},
          {"internalType": "uint8[2]", "name": "starNumbers", "type": "uint8[2]"}
        ],
        "internalType": "struct FairyLottery.Draw",
        "name": "",
        "type": "tuple"
      }
    ],
    "stateMutability": "view",
    "type": "function"
  },
  {
    "inputs": [{"internalType": "uint256", "name": "drawId", "type": "uint256"}],
    "name": "getDraw",
    "outputs": [
      {
        "components": [
          {"internalType": "uint256", "name": "id", "type": "uint256"},
          {"internalType": "uint256", "name": "startsAt", "type": "uint256"},
          {"internalType": "uint256", "name": "drawAt", "type": "uint256"},
          {"internalType": "uint256", "name": "ticketsSold", "type": "uint256"},
          {"internalType": "uint256", "name": "prizePool", "type": "uint256"},
          {"internalType": "uint256", "name": "vrfRequestId", "type": "uint256"},
          {"internalType": "bool", "name": "fulfilled", "type": "bool"},
          {"internalType": "uint8[5]", "name": "mainNumbers", "type": "uint8[5]"},
          {"internalType": "uint8[2]", "name": "starNumbers", "type": "uint8[2]"}
        ],
        "internalType": "struct FairyLottery.Draw",
        "name": "",
        "type": "tuple"
      }
    ],
    "stateMutability": "view",
    "type": "function"
  },
  {
    "inputs": [{"internalType": "uint256", "name": "drawId", "type": "uint256"}],
    "name": "getDrawTickets",
    "outputs": [
      {
        "components": [
          {"internalType": "uint256", "name": "drawId", "type": "uint256"},
          {"internalType": "address", "name": "player", "type": "address"},
          {"internalType": "uint8[5]", "name": "mainNumbers", "type": "uint8[5]"},
          {"internalType": "uint8[2]", "name": "starNumbers", "type": "uint8[2]"},
          {"internalType": "bool", "name": "claimed", "type": "bool"},
          {"internalType": "uint8", "name": "tier", "type": "uint8"}
        ],
        "internalType": "struct FairyLottery.Ticket[]",
        "name": "",
        "type": "tuple[]"
      }
    ],
    "stateMutability": "view",
    "type": "function"
  },
  {
    "inputs": [{"internalType": "address", "name": "player", "type": "address"}],
    "name": "getPlayerTickets",
    "outputs": [{"internalType": "uint256[]", "name": "", "type": "uint256[]"}],
    "stateMutability": "view",
    "type": "function"
  },
  {
    "inputs": [],
    "name": "getTicketPriceInWei",
    "outputs": [{"internalType": "uint256", "name": "", "type": "uint256"}],
    "stateMutability": "view",
    "type": "function"
  },
  {
    "inputs": [],
    "name": "requestDraw",
    "outputs": [],
    "stateMutability": "nonpayable",
    "type": "function"
  },
  {
    "stateMutability": "payable",
    "type": "receive"
  }
]
